1032791691332382720;"rt lucyleos2 kaysardadour vai servir lanche mcdiafeliz  no dia 2508  v√£o ser lanches bem totosos para vcs URL";"positiva"
1032976494765723648;"luciferonnetflix URL";"neutra" 
1032665374372913152;"rt awmhfoundation help us support those in need by volunteering your time and you could win metallica tickets URL";"neutra"
1034525629901942784;"lsramos toda vez que me chama de gay de forma pejorativa URL";"negativa"
1033807488984866816;"14 hour freezing does it make sense URL";"negativa"
1033018846439866368;"rt musixmatch here to help you elonmusk  URL";"positiva"
1032791445978193920;"kaysardadour vai servir lanche mcdiafeliz  no dia 2508  v√£o ser lanches bem totosos para vcs URL";"positiva"
1033799051458764800;"rt itsjimminie siempre es lo mismo army no se esmera en las visualizaciones para que vengas y nos digas que son views falsas ytunfre‚Ä¶";"negativa"
1034673221889474560;"rt glamandgore to update URL";"neutra"
1034872414579118082;"i can‚Äôt wait to see this URL";"positiva"
1032804533552865281;"lol wat URL";"neutra"
1033392729059930112;"URL";"neutra";"neutra"
1034873116701483008;"ah t√° URL";"neutra"
1033394229115080705;"maldi√ß√£o URL";"negativa"
1035326899835334657;"boa kimkataguiri  gostei da an√°lise URL";"positiva"
1035642052644679680;"awesome guitar music URL";"positiva"
1034129459635527680;"e o que tem o cu com as cal√ßas URL";"negativa"
1035574128554778625;"URL";"neutra"
1034500841472970752;"fresh linux applications on demand ubuntu URL";"neutra"
1034128601417842688;" what URL";"neutra"
1035509496724910081;"rt elonbachman tesla making miracles out of the ordinary reminds me of the quip that capitalism turns luxuries into commodities wher‚Ä¶";"negativa"
1035622106891997185;"it was great to be part of this awesome launch of the developer student clubs program in subsaharan africa check out the video recapping what the experience was like for 2 days in nigeria dscssa URL";"positiva"
1033821946079793153;"rt dope007 yes far too many frauds out there taking peoples pensions for a ride tsla URL";"negativa"
1034874374766178304;"awscloud posted URL";"neutra"
1033392111222251521;"eita crl URL";"neutra"
1033395619656810499;" URL";"neutra"
1034080298173165569;"üé∂ all that is was and will be universe much too big to see time and space never ending disturbing thoughts questions pending limitations of human understanding too quick to criticize obligation to survive we hunger to be alive yeahüé∂ URL";"positiva"
1033237380747145216;"mulhertamarindo URL";"neutra"
1035326183305621505;"quem √© o gato e quem √© o channing URL";"neutra"
1034128811204505600;"fuck u URL";"negativa"
1032795302871425029;"eu atualmente URL";"neutra"
1033820700128276480;"follow the money mais grave que crime eleitoral sigam o dinheiro que pagam estes ‚Äúinfluenciadores‚Äù e  ver√£o corrup√ß√£o na origem dele URL"
1032792581728555008;"nosso kaysar URL"
1032885169773064194;"impressive URL"
1034871703548162048;"cara tou feliz kkk 5 URL";"positiva"
1035281390437367811;"quem vamo cmg URL";"positiva"
1035758989592518658;"still  URL";"neutra"
1032774875629465607;"maga URL";"neutra"
1034499101008846850;"gonna start saying ‚Äúv cool‚Äù now URL";"neutra"
1034529027984433152;"n√£o mentiu URL";"neutra"
1034218312001978368;"alsalihifahad ur pc URL";"neutra"
1034085087980216322;"nnnnnnnnnnever URL";"negativa"
1035478156042559489;"isso √± √© um lanche √© uma obra de arte URL";"positiva"
1034124870035103744;"new today  amazon rds on vmware will make it as easy to set up operate and scale databases onpremises and in hybrid environments as it is in aws URL";"positiva"
1032802944763211776;"we out hereeee üëΩüëΩ URL";"positiva"
1032774410980052992;"pru14 up thaicaverescue URL";"neutra"
1035574576288358401;" URL";"neutra"
1033377608199589888;"bangez URL";"neutra"
1034124408300949504;"vai pro inferno esse povo eles n√£o tem mais o que fazer URL";"negativa"
1034875998314156032;"thank you ‚ù§Ô∏èüëå URL";"positiva"
1032521905092194304;"rt krishjlk 2 mins silence for root users URL";"positiva"
1033803345755025409;"thought so URL";"neutra"
1034123362367225856;"aws and vmware announce amazon rds on vmware URL";"neutra"
1034079762958954496;"all that is never ever was twis ting tur ning troughthe never URL";"positiva"
1034869881097932800;"microsoft posted URL";"neutra"
1032793836244873216;"quem √© seu deputado o meu estava correndo atr√°s de um brasil melhor kim  URL";"positiva"
1033784830922649600;"üì∏ jesseleon182 nationaldogday toyotadog wakandaforever URL";"positiva"
1034527305081790465;"os revolucion√°rios do dce da universidade regional do cariri se comportam como crian√ßas birrentas que rabiscam paredes de prop√≥sito tenho certeza que marx se revira no t√∫mulo ao constatar que a nova gera√ß√£o de revolucion√°rios n√£o passa de um bando de catar (...)";"negativa"
1033239371380678658;"mas meu amigo enzotcarvalho t√° dormindo URL";"neutra"
1033804313838186499;"another mass shooting in america üòÜ URL";"negativa"
1034873540984614913;"essa √© a segunda colocada segundo as ‚Äúpesquisas‚Äùü§¶üèª‚Äç‚ôÄÔ∏è URL";"negativa"
1033238518527655936;"rt jenioquadros mulhertamarindo URL";"neutra"
1033748794830200832;"rt jeonsnat my lungs URL";"neutra"
1032804471712227329;"go local all cars need repair they are cars URL";"neutra"
1034874755634085889;"nigga can y‚Äôall make gta vi i was a freshman in high school when v came out URL";"neutra"
1033746404886294528;"wth hahahahahaha URL";"positiva"
1033821534782193664;"leiam a mat√©ria p desmascarar mais um petistaüëáüëáüëá URL";"negativa"
1035286952336142337;"pq n√£o tem um blog aqui perto de casa  üò¢üò¢ URL";"negativa"
1033235944130924544;"est√° explicado pq n dormi URL";"negativa"
1034862300383985664;"i love this songüôåüèºüíúüíô URL";"positiva"
1035573330714214400;"billy gibbon‚Äôs voice sounds like gravel being grated URL";"negativa"
1034125972675719169;"at√© o congresso est√° dormindo pela petezada n√£onegocieseuvoto URL";"negativa"
1034512165930237953;"meu deus URL";"neutra"
1034099731499233281;"rt ubisoftbrasil nossas mais profundas condol√™ncias v√£o √†s v√≠timas e √†s fam√≠lias da trag√©dia de ontem n√≥s estamos com jacksonville com‚Ä¶";"negativa"
1034869921505845249;"outlook posted URL";"neutra"
1032775063538491394;"twitter posted URL";"neutra"
1034871334520676352;"muito √≥bvio saber qual √© a esta√ß√£o boa e qual √© a esta√ß√£o ruim eu acho que poderiam ser chamadas assim at√© hoje URL";"negativa"
1033930307475525633;"krl o telecine ama muito o tom URL";"positiva"
1034124303837609984;"terminar minha leitura 50 tons de cinza pelo olhos de christian grey URL";"positiva"
1032745949628649472;"la noche me est√° quedando muy skynyrd complet√≠simo repaso de la ic√≥nica banda a disfrutar southernrock URL";"positiva"
1032795007369994245;"anime  URL";"neutra"
1033018952220397568;"hell yes URL";"positiva"
1034096463301632000;"rt painefultruths elon musk supports pedoglobalism URL";"negativa"
1034489211049660416;"rt nixcraft amd is getting ready for 7nm cpu and gpu i am so glad that someone is finally standing up to the intel  URL";"positiva"
1033734180268638208;"pls say sike skdkdnsn URL";"neutra"
1035263683138650112;"rt lisamarie61 have you seen the pic of my truck well thats about what i look like concussion head trauma broken clavicle br‚Ä¶";"negativa"
1034517756501282817;"eu quero isso aqui pra ontemmmmmm  URL";"positiva"
1034526529571749889;"o amor n√£o precisa de legenda  URL";"positiva"
1035344441605808128;"burgerkingbr acabando com a minha dieta que nem come√ßou ü§§ URL";"positiva"
1033734250510471168;"twitter stays knowing URL";"negativa"
1035909427419918336;"joseph and his amazing technicolour dreamcoat URL";"positiva"
1033018316984647680;"absolutely pitch perfect writer for this character damn URL";"positiva"
1033020780697665537;"rt cbcebulski thrilled to finally announce the creative team on conan URL";"positiva"
1033810162295992320;"que les parece esta respuesta de yt

mpn btsarmy bts‚Å† btstwt URL";"neutra"
1034870552639488000;"foi o sandyejunior q inventou URL";"neutra"
1032798276083429377;"rt loadcomics estamos com asas hoje URL";"positiva"
1034530821909225478;"rt ericbalbinus os revolucion√°rios do dce da universidade regional do cariri se comportam como crian√ßas birrentas que rabiscam paredes de‚Ä¶";"negativa"
1035291627923890177;"meu ritual antes de comer √© comer URL";"positiva"
1033011521339752448;"rt musixmatch here to help you elonmusk  URL";"positiva"
1033389874898862080;"wadefaker URL";"neutra"
1033805661061230592;"rt apazamariel andinitachimi bangtanplola btstwt URL";"neutra"
1034861533371813889;"amen URL";"positiva"
1033821210033958918;"dude just shut up URL";"negativa"
1035574706362089472;"esse √© o meu sonho URL";"positiva"
1032804262185783296;"army owns twitter wbk URL";"negativa"
1034875112338677760;"stop the updates give us the next gta URL";"negativa"
1032968240241299456;"rt saveshplease saveshadowhunters made the list i‚Äôm so proud ‚ù§Ô∏è URL";"positiva"
1034868549108555785;"jadriantalks you get this yet URL";"positiva"
1035279060379856896;"por favor URL";"neutra"
1033263331254169601;"tsla URL";"neutra"
1034947560170053633;"ü§óü§óüíûüíû URL";"positiva"
1033369697398358016;"waaa ada army dinotice twitter URL";"positiva"
1033286285694251008;" URL";"neutra"
1034532251340496896;"smh gta always trying to take my money URL";"negativa"
1035016821651517440;"rt teneetoe see young africans building the future africa through technologyproudly a developer student club lead  guys see highlight‚Ä¶";"positiva"
1033765587422511106;"im old URL";"neutra"
1035644884147793920;"rt ericakhanson it was great to be part of this awesome launch of the developer student clubs program in subsaharan africa check out th‚Ä¶";"positiva"
1035281595886968832;"twitter posted 
URL";"neutra"
1032801658248548353;"Ô∏è URL";"neutra"
1034874842888265728;"i don‚Äôt know if i will fall in love with ben hardy like i fell in love with roger decades ago but i will give it a try in november URL";"positiva"
1034988126152871936;"üíñthis bonjovi always inspires URL";"positiva"
1034129388277850112;"kkkkkkkkkkkkk URL";"positiva"
1032783183371100160;"‚ù§Ô∏è URL";"positiva"
1034128858847604739;"morri  URL";"neutra"
1035314571274330112;"quem quiser aparecer aqui em casa com um desse eu fa√ßo qualquer coisa URL";"positiva"
1033817163814117376;"bad takes from cool people are why twitter was a mistake i will die on this hill URL";"negativa"
1033731131072552961;"esse √© o brasileiro esperto mas a culpa dessas maracutaias √© da esquerda cria lei em cima de lei dando direitos sem pensar nas consequ√™ncias  exemplo claro s√£o as empregadas dom√©sticas ficaram brigando por milh√µes de direitos  levaram URL";"negativa"
1032802390548914181;"√≥ o dequete ai URL";"neutra"
1032803614513946624;"rt jrobbo moreplanetsthanstars URL";"neutra"
1035572482479214593;"tendo em vista que voc√™ √© candidato a deputado e seu partido est√° coligado com geraldoalckmin n√£o ficou claro se voc√™ vai votar nele para presidente poderia esclarecer URL";"negativa"
1033237243396333569;"needlesz xlucas freeth viniiispfc edenhazxrd tricolorm1lgr4u arthurmattheus URL";"neutra"
1034522116652187648;"eu amo um homem URL";"positiva"
1033817275965599751;"natychaly o job das nossas vidas URL";"positiva"
1034129484503494661;"e eu sou contra at√© pra voc√™ tentar assumir um cargo p√∫blico  pra pqp URL";"negativa"
1035561362750140416;"hottdanm URL";"neutra"
1033369972897013765;"twitter is bts stan btstwt bts URL";"neutra"
1033763944148742147;"tokis kkkkkkkkkkkkkkkkkkkkkkkkkkkkkkkkkkkkkkkkkkkkkkkkkkkkkkkkkk URL";"positiva"
1034821326395998208;" URL";"neutra"
1034530791919964160;"you guys are the reason why i can‚Äôt sell my merch in peace  frfr URL";"negativa"
1034129048874770432;"kkkkkkkkkkkk ele tinha que ser contra ele mesmo ladr√£o safado eu sou contra o garotinho ser validado pra disputar elei√ß√£o com a ficha mais que suja URL";"negativa"
1034871678428491782;"if any of y‚Äôall wanna get me a bottle of this as a wedding gift or whatever i‚Äôd be much obliged URL";"positiva"
1034129980765220865;"looks amazing likewise with 1st person view but still wish they made it 3rd person man URL";"positiva"
1033233310162382848;"manila please tt 3 URL";"neutra"
1033010776787873792;"it just keeps getting better and better URL";"positiva"
1033815273764208641;"qdo perguntam sobre aborto sou contra aborto e contra esses servi√ßos clandestinos que acontecem de maneira desregrada e por isso logicamente a favor da descriminaliza√ß√£o do aborto URL";"neutra"
1033370855127101440;"chevett√£o aka supercarro URL";"positiva"
1035572518390771712;"mano mulher esquilo ai marvel que decad√™ncia URL";"negativa"
1034129662774075395;"eu acho que garotinho √© contra o rio de janeiro URL";"negativa"
1035535077638373376;"rt joovitorfelon pq n√£o tem um blog aqui perto de casa  üò¢üò¢ URL";"negativa"
1032802401353428998;"eu sempre netflixbrasil vc me faz mal mfkfkd URL";"positiva"
1033822174648442880;"this is gonna be so cool URL";"positiva"
1033817993736667136;"i didnt think that people could kill thousands and still call them decent human being and kind society is strange URL";"negativa"
1035574817313964035;"release date for the newest no more heroes URL";"neutra"
1035298825198546946;"jesus cristo URL";"neutra"
1033813839215714304;"rt azinformer and now a tweet from someone in bizarro america URL";"neutra"
1035289796875304960;"onun√£omandanobrasil onuvaicuidardavenezuela URL";"negativa"
1033015836988997632;"this is gonna be awesome conan URL";"positiva"
1033388714586718208;"flwada URL";"neutra"
1033814318910005249;"eu fui suspenso simplesmente por emitir minha opini√£o twitterbrasil cad√™ a atitude se √© de esquerda vale tudo URL";"negativa"
1032752558224420864;"luciano coutinho indiciado URL";"negativa"
1034129871491006470;"ah pronto URL";"negativa"
1033813042188959750;"rt tponews what a foolish tweet tell me was mccain one of the senators you bribed for your subsidies why don‚Äôt you tell the world who‚Ä¶";"negativa"
1035563552130695171;"caralho isso √© um render 3d URL";"positiva"
1035570601958797313;"aquele momento em que o crush te nota ‚ô•Ô∏è URL";"positiva"
1034875261421056002;"brendans death song
monarchy of roses
meet me at the corner URL";"positiva"
1035573214527848456;"que cara escroto URL";"negativa"
1032802864849141760;"rt fahpaivaa caracooos vamos ajudar nessa causa e de quebra dar aquele abra√ßo totoso no nosso fav kaysardadour ‚ù§Ô∏èüçîüçü URL";"positiva"
1035263193537495040;"have you seen the pic of my truck well thats about what i look like concussion head trauma broken clavicle broken ribs arm wrist and no transportation still waiting on surgeries URL";"negativa"
1035949068877488128;"ingiants are playing at 615 ü§òüé∏ URL";"positiva"
1035678501511286784;"mas do que justo URL";"positiva"
1034871968376479750;"pra mim ainda existe s√≥ as duaso bom e o ruim URL";"neutra"
1033822252364574720;"getting a serious brotherhood of nod vibe URL";"positiva"
1034873520671678465;"looks pretty every year but there‚Äôs no substance to these games can‚Äôt justify ¬£60 URL";"negativa"
1032967513263562753;"billybagadonuts URL";"neutra"
1032991149093466115;"today is the day come down to the cnegaminggarage powered by amd  open until sunday august 26 letsgototheex URL";"positiva"
1033843118133731329;"looking forward to this game once i get a vr set URL";"positiva"
1032958821679935490;"sextouuuuuuu ‚ù§Ô∏è URL";"positiva"
1032788719068217345;"eu URL";"positiva"
1034585535849721856;"wuoooh m URL";"positiva"
1033766584035237889;"URL";"neutra"
1034506810441588736;"my response to something 80 of the time URL";"negativa"
1033007746046742531;"oh good URL";"positiva"
1035744159070658565;"vai tomar no cu URL";"neutra"
1034127418037088257;"conseguiu URL";"neutra"
1034457895998382080;" URL";"neutra"
1032789874506645504;"eu ft stranger things URL";"positiva"
1034897043624546306;"rt bstbndnthwrld pretty much the heart and message of gettintheband on broadway great sayreville minds think alike rockon injerseyhe‚Ä¶";"positiva"
1033235126505938944;"gado dmssss URL";"negativa"
1033196573507780609;"so cool ai  movies themeg URL";"positiva"
1035564411921031170;"microsoft posted 
URL";"neutra"
1032777278688817153;"flashbackfriday metoo URL";"positiva"
1033812289927958529;"rt seesawtrivia name another video you‚Äôve freezed for 15 hours i‚Äôm waiting URL";"negativa"
1033822016938405889;"awscloud posted 
URL";"neutra"
1034324952357515264;"delighted  excited about the possibility that this opportunity presents for students  local businesses in the ssa developer ecosystem üí™üî• URL";"positiva"
1032757268742397952;"finalmente uma rede social em que o twitter nao podera me censurar jamais
URL URL";"negativa"
1032782743506231298;"o ciclo sem fiiiimmm URL";"positiva"
1035540181217030145;"an os inside of an os inside of an os  URL";"neutra"
1033019325026725888;"this is a good creative team

i‚Äôd really love to see the series printed in an oversized format similar to dc‚Äôs black label books URL";"positiva"
1034506979442614272;"twitter posted 
URL";"neutra"
1032806957160128513;"saveshadowhunters made the list i‚Äôm so proud ‚ù§Ô∏è URL";"positiva"
1034129603772735489;"after 72 hours of silence this is the best you can come up with URL";"positiva"
1035305350507913219;"i wonder if the seats are made out of lego too URL";"positiva"
1033393746669395968;"meudeus URL";"neutra"
1033011134729728000;"camera eyes voice recognition cloudstored memories oh boy 
internetofdogs URL";"positiva"
1034492864213004290;"um dos melhores URL";"positiva"
1035560990006501376;"awscloud posted 
URL";"neutra"
1033804473737662464;"e pensar que uma piada cancela conta URL";"negativa"
1032788938589708288;"ah p√¥ da√≠ vai derreter mais ainda URL";"negativa"
1032800702865788928;"bora caracos comer um big mac no s√°bado  moro em vila velha es e n√£o vou perder URL";"positiva"
1032804746346749952;"i think tesla is the only car brand to do so like that  

thanks elonmusk tesla URL";"positiva"
1033263303743746049;"rt elon musk emhivemind tesla spacex startups URL";"positiva"
1035947698023817218;"nasa posted 
URL";"neutra"
1033389800894738433;"laahmonroe URL";"neutra"
1034495497187278849;" elonmusk  art in motion  from a friend in cal URL";"positiva"
1032793677859573760;"eu na vida URL";"positiva"
1032802307669413889;"uma causa nobre parab√©ns fico feliz URL";"positiva"
1033804659021029376;"proud mom over here lola  lutz are now social famous üê∂üíó URL";"positiva"
1034532265957572608;"exciting announcement today  hope to see you there URL";"positiva"
1035489431631867904;"rt pmlopes est√° na promo√ß√£o combo do sanduiche batata frita refil e 3 pontes de safena URL";"negativa"
1032733290715926528;"todays tbt is brought to you by 50 years of racing success URL";"positiva"
1032804266900172805;"üíû URL";"positiva"
1034043144327839745;"sem tirar nem por kkkk URL";"positiva"
1035919444256718849;"finalmente aprendi como comprar carne URL";"positiva"
1032786053764206592;"eu com fargo URL";"positiva"
1033390676765888512;"is this tim is it him someone please tell me its him c URL";"negativa"
1034120256002899968;"as the universe expands and accelerates to a unreachable speed URL";"neutra"
1032789691169427458;"esponja scotch brite  detergente ype  a outra trincando  art popular URL";"neutra"
1033392016414191616;"quem me dera que eu chegasse no bk comprar esse lanche e ele vim igual esta na foto URL";"positiva"
1034495003987533825;"mighty honda‚ù§Ô∏è URL";"positiva"
1033820125189890049;"lockjaw at the top i love facts URL";"positiva"
1034119013868204037;"ata mas se √© o contrario o homem √© um lixo vagabundo galinha etc URL";"negar"
1034530391925948417;"lacrou URL";"positiva"
1035205121301307394;"intel should create laptops to more than 3 billions people who live without internet or very slow internet just create laptop with endlessos with low price and good spec URL";"negativa"
1033468486817857537;"ahhhh my next computerrelated wish list item URL";"positiva"
1034490832655720451;"URL";"neutra"
1035556543704522757;"omg i need to go here  URL";"positiva"
1032795749442936834;"i was there and bonjovi rock them all ü§òüèºü§òüèºü§òüèºü§òüèº URL";"positiva"
1034520874832027648;"does this man ever stop URL";"positiva"
1034871492595601409;"a estrutura b√°sica da nossa l√≠ngua concorda comigo

inverno √© ruim URL";"negativa"
1034039490778677249;" URL";"neutra"
1033267742655307776;"URL";"neutra"
1034871344993918981;" URL";"neutra"
1034482287277010944;"such powerful psychology and linguistics bases hes using URL";"positiva"
1035305563595464705;"ser contra o bolsonaro nao significa ser a favor do lula significa tem um pingo de consciencia pra nao apoiar esse bosta URL";"negativa"
1032728913896726529;"amigavc fala isso toda vezmas nunca vem para o brasil afff URL";"negativa"
1034517768106909696;"rt psicth ah vai se ferrar URL";"negativa"
1033384827297226752;"we truly appreciate all that toyota did to support the communities devastated by hurricaneharvey  thank you from everyone at nationalace URL";"positiva"
1034529471347482624;"isso foi aq no meu pa√≠s amap√° kkkkk URL";"positiva"
1032799680986587137;"rt alexxalexalvess marketing do mac enfatizando e respondendo ao kaysar e o que vc v√™ hoje URL";"positiva"
1033377124176953345;"twitter snapped lmao üòÜ URL";"positiva"
1034518924879192065;"por um segundo achei que era o jimmy fallon URL";"positiva"
1034875036925132800;"we just want crossplay URL";"positiva"
1033715949814390785;"thanks skype URL";"positiva"
1034115190290182144;"nasa waterworldweek URL";"neutra"
1032792930430398465;"eu URL";"positiva"
1032804167365156865;"he should be named the colonel URL";"neutra"
1035918907197087744;"quais partes do cad√°ver vc mais gosta URL";"negativa"
1034874656161857536;"did i let you know URL";"negativa"
1032994357157273600;"n√£o votem em abortistas URL";"negativa"
1032788795232542720;"mano eu kkkkkkk URL";"positiva"
1033239200366292992;"sou URL";"positiva"
1032804515274256384;"ure the best my biggest inspiration URL";"positiva"
1034871361695625216;"quase jamie quase jamie URL";"positiva"
1032789923026399233;"me define üòÖ URL";"positiva"
1033369536052043776;"shut uphdhsj URL";"positiva"
1035299253327998977;"mal da de URL";"positiva"
1035903001528086528;"mood URL";"positiva"
1034874727435776000;"thats barney lumsden from perfect curve URL";"positiva"
1033803219401629697;" URL";"neutra"
1034516524072099841;"rs URL";"positiva"
1035573724903350272;"cansada pra caralho disso mano e ainda tem gente que acha que √© mimimi que feminicidio nao existe vontade de abrir a cabe√ßa pra ver se tem o cerebro ainda URL";"positiva"
1034121318394941446;"papo de cuck URL";"negativa"
1034512773718396928;"dica 10 voc√™ vai estar completamente apaixonado e ela tbm mas por outro

the end URL";"negativa"
1034846813721948160;" URL";"neutra"
1034111680635199488;"outlook posted 
URL"
1033367202299359232;"i URL";"neutra"
1033391227960475648;"√© pelo visto eu vou ter que ir no bk hoje afinal apesar de eu estar enjoado de fast food os caras conseguem se redefinir pra entupir minhas veias e quem sou eu pra negar isso n eh msm URL";"positiva"
1033735341784621056;"rt jeonsnat my lungs URL";"positiva"
1035947889862819844;"rt ifos9000 straight outta nasa URL space cosmos universe science astronomy climate nasa";"positiva"
1034859836918439936;" URL";"neutra"
1035302148748263424;"get yo science on URL";"positiva"
1032794308473233409;"pena foi s√≥ sobre a jf URL";"positiva"
1035633065362710529;" URL";"neutra"
1032787457341890561;"ow ai vai derreter mais URL";"negativa"
1032796448218218497;"oh btch we did that btstwt URL";"positiva"
1033161731466559488;"i cant wait for this URL";"positiva"
1034102925977640960;"this is a well worded tweet that has 0 mention of ‚Äúthoughts and prayers‚Äù which brings the question of why ubisoft‚Äôs publicists are better than trump‚Äôs URL";"positiva"
1032794340437966851;"marketing do mac enfatizando e respondendo ao kaysar e o que vc v√™ hoje URL";"positiva"
1034553992146296833;"que isso mano que coisa triste faz um v√≠deo animadinho que nem kpop URL";"negativa"
1035564419684753408;"outlook posted URL";"neutra"
1035303243671330816;"rt elonmusk URL";"neutra"
1035505840827064321;"julez91 URL";"neutra"
1035945562774953985;"uma afrontaaaaaaa URL";"positiva"
1035106649298665472;"rt dscibbul this is just the beginning for young africa studentsall thanks to solomonawosupin ericakhanson aniediudo googledevs ‚Ä¶";"positiva"
1034127935551094785;"genesis bout to have this on repeat i already know URL";"negativa"
1032804278061203462;"rt elonmusk URL";"neutra"
1033394158185185281;"caralhoooooooo gabrielarievok olivernycius URL";"positiva"
1033726743788572673;"bunniexingxi URL";"neutra"
1034873894161801218;"e o que isso tem de importante URL"
1033019642011418632;"rt colornmatt ahhhhhh yeah new gig i love the writer and artist a legend of a cover painter i love coloring the kind of stuff bound t‚Ä¶";"positiva"
1033775424042684421;"que chido URL";"positiva"
1032927903774900224;"twittersudan  twitter URL";"neutra"
1035574203104284672;"niko my cousin is here URL";"neutra"
1035940784879689728;"rt 12willpower foofighters should make a day trip up to the portlandgp tomorrow indycar and i will take care of you URL";"positiva"
1032795089221951488;"a gente mesmo de outra cidade se compra vai ta ajudando  kaysardadour URL";"positiva"
1032325969632055297;"2 mins silence for root users URL";"positiva"
1035529619817082881;"rt lolamby what ive been getting up to as the debian project leader this month URL";"positiva"
1032776655775907840;"exatamente assim URL";"positiva"
1032972444435468288;"hueheueheueheuehe URL";"positiva"
1035201133264990208;"rt bstbndnthwrld pretty much the heart and message of gettintheband on broadway great sayreville minds think alike rockon injerseyhe‚Ä¶"
1035652561301381120;"chorando por falta de dinheiro talvez URL"
1033016471465717762;"i am very excited about this URL"
1034129156269895685;"bicho vcs t√£o dando papo para um cara que at√© outro dia saiu do seu apartamento na maca sendo segurado por enfermeiros n√£o precisa nem abrir o link URL"
1033235308186415113;"eu mesma aqui URL";"positiva"
1034119734311043074;"impressive tuffviking tuff viking¬Æ üá∫üá∏ URL  üáÆüáπ URL URL";"positiva"
1035285354381758465;"me deem um desse pelo amor de deus URL";"positiva"
1034496496983531520;"thank you kanye URL";"positiva"
1034520537337417728;"amoooo URL";"positiva"
1033007489317564416;"eu amo esse cara URL";"positiva"
1033393278585061378;"iti üëºüèº URL";"positiva"
1034129586718695429;"esse arrombado num era pra estar preso URL";"negativa"
1034490284036567041;" and i will spam u with them if u keep feeding trolls trolls eat rocks anyways vitamins and minerals üíé URL";"negativa"
1032905048228089857;"URL";"neutra"
1034108068873863168;"todo mundo j√° assistiu j√° pode lan√ßar o segundo URL";"negativa"
1032965239342608384;"rt saveshplease mmoszkowicz netflix cbc freeformtv constantinfilm amazonstudios hulu i think it‚Äôs time to saveshadowhunters htt‚Ä¶";"positiva"
1033004782070493185;"hey gaming community cant miss this radeon juicing it with amd powered goosebumps where centre of universe letsgototheex cnegaminggarage gamingdesk URL";"positiva"
1033801842067562496;"hahehjfkgkgk URL";"positiva"
1033261845644107777;"lol URL";"positiva"
1034512288210972679;"esse momento √© meu brinks URL";"positiva"
1035569829326057472;"o que matam de mulher em sp absurdo URL";"negativa"
1033086197604786177;"microsoft posted URL";"neutra"
1033945517259149312;"kkkkkkkkkkkkkk URL";"positiva"
1033813896656605184;"ayfkm  
i‚Äòd call myself a conservative but mccain was a paid shill for the militaryindustrialcomplex and used every chance he got to start a conflict involved w iraq is nazis in ukraine
the world lost a great warmonger at best URL";"negativa"
1034846643701436418;"rt mothercabrininy yet makes sure 22 million followers see the poor kids name tsla melaynalokosky narcissisticsociopath URL";"negativa"
1035946991438589952;"woo hoo URL";"positiva"
1034112424700456960;"gamers against gun crime URL";"positiva"
1034115116156022784;"straight outta nasa URL space cosmos universe science astronomy climate nasa";"neutra"
1034020222133587968;"rt punishedad elon is cancelled URL";"negativa"
1035241477235007489;"vou deixar pra ver se n√£o conseguir dormir a noite  URL";"positiva"
1035907978497544192;"rafael marques na sele√ß√£o URL";"neutra"
1032880432168218624;"boldandbeautiful URL";"positiva"
1035282093566255104;"im definitely going to be spending some time with this tonight URL";"positiva"
1033016438209110017;"oh shit URL";"negativa"
1035569742453469185;" URL";"neutra"
1034111571746844674;"rt URL"
1034844264235118593;"sugoi desu ne URL";"positiva"
1035228348073603073;"gars URL";"neutra"
1035567171097817088;"tipo de cidad√£o de bem que em breve estar√° armado decidindo quem vive e quem morre URL";"negativa"
1034494271716552712;"rt alfredokoro7 passion meets service URL";"positiva"
1034870558809317377;"üíú URL";"positiva"
1035943463873863680;"rt nedluke oh hell yeah URL";"positiva"
1032792795910742016;"rt mariate70896431 nosso kaysar URL";"positiva"
1032804621847326723;"damn this is smart URL";"negativa"
1034874040488349696;"justusabbott lilmusubi pluwg URL";"neutra"
1032816408558821377;"its going to be even bigger than extravalanza   cnegaminggarages amdatcne URL";"positiva"
1032766261317521409;"lista bem boa teria trocado umas URL";"positiva"
1032776179823124482;"‚ù§ URL";"positiva"
1034503890912399360;"olha que fofo üíó URL";"positiva"
1034534788986744832;" URL";"neutra"
1032791686777167872;"another quality design spotlight from yasmineevjen and team üëåüëç URL";"positiva"
1032800081316118528;"‚ù§Ô∏è URL";"positiva"
1034874785921200128;"an√°lise de quem t√° longe de ser um apoiador do bolsonaro URL";"neutra"
1032645867738738688;"volunteer now through september 4 at the gpfb and enter into a drawing to win tickets to see metallica live in concert september 8 in grand forks awmhfoundation heartssolvehunger hardwiredtohelp metallicagivesback register to volunteer at URL URL";"neutra"
1034597642796507137;"mlk ‚ù§Ô∏è URL";"positiva"
1033732032113913856;"omg twt is a yoonseoker URL";"positiva"
1033779390679863296;"outlook posted URL";"neutra"
1032791509232443392;"eu com greys URL";"positiva"
1033600093725765632;"this is what it was all for thank you nvidia  

did you know the company name means jealousy in spanish this performance is definitely something to be jealous of im getting one to cure this social blight from my mind URL";"positiva"
1034862154166480897;"rt ebenezera you lot just recycling the same ideas in new designs smh URL";"negativa"
1033804055473278978;"fica a pergunta twitterbrasil URL";"neutra"
1034522934700920832;"belsousa20 nunca te pedi nada üò¨ URL";"positiva"
1035285058704289793;"styleandspeed URL";"neutra"
1034448848406700032;"sjoerrdd mooi stukje design URL";"neutra"
1033006293877813248;"rt teslany tesla car karaoke coming soon via ota üé§üé∂üñ• tsla model3 ev URL";"positiva"
1034100698764529664;"üïØ URL";"neutra"
1033145175525060608;"stevelukather glad to know u played on the new tribute album for gary mooreüëçüé∏  the blues just got sadder‚Ä¶gr8 choice‚Ä¶looking 4ward to soaking myself in ur bluesüé∂üíï URL";"positiva"
1034528060136144897;"rt ericbalbinus os revolucion√°rios do dce da universidade regional do cariri se comportam como crian√ßas birrentas que rabiscam paredes de‚Ä¶";"negativa"
1033015525159436295;"now i need a tesla URL";"positiva"
1033395731409842176;"quero URL";"positiva"
1032804613584498688;"seriously changing the game goal in life work my ass off to own one of these beauties üôèüèº URL";"positiva"
1034480846458286080;"caralho esse maluco vai ter uma crise sinistra de hemorr√≥idas URL";"negativa"
1032993755840827393;"rt letsgototheex today is the day come down to the cnegaminggarage powered by amd  open until sunday august 26 letsgototheex https‚Ä¶";"positiva"
1033735152894132224;"my lungs URL";"neutra"
1034863542435028992;"üíñ URL";"positiva"
1032804591094484992;"driving a true value in car ownership URL";"positiva"
1034873969545949184;"and yet bought github to do it properly URL";"negativa"
1034126945456455681;"URL URL";"neutra"
1035640642880393222;"even twitter follows beniesta URL";"negativa"
1033696505998266368;"o URL";"neutra"
1032985190497435655;"um cl√°ssico nunca perde sua majestade ‚ú® URL";"positiva"
1034871237166682113;"brasil o pa√≠s que nao tem dinheiro pra aumentar o salario m√≠nimo mas tem dinheiro pra aumentar o salario m√°ximo URL";"negativa"
1033807440054247424;"name another video you‚Äôve freezed for 15 hours i‚Äôm waiting URL";"positiva"
1034673073075544064;"to update URL";"neutra"
1034873909206810624;"mrswilliamsn any photos what a concert x URL";"positiva"
1035909314744131584;"nvda turing 8k URL";"positiva"
1033792099525828608;"sensacional ver o povo fazendo campanha de gra√ßa pra um politico honesto
nem tudo t√° perdido no nosso pa√≠s URL";"positiva"
1033397583002185729;"quando fazem o comercial do 500 para o argo ü§¶üèΩ‚Äç‚ôÇÔ∏è URL";"negativa"
1034129977955033091;"i warn alllll army to not do this can you just imagine how much time we spent during comebacks  URL";"negativa"
1035299098230968320;"jospaulo15 j√° come√ßei a investir na publicidade que achas URL";"neutra"
1034525950036324361;"precisa explicar URL";"negativa"
1033348081364824071;"lmaooo URL";"positiva"
1033396059891027968;"ja n aguentaram a vergonha kkkkkkkkkk URL";"positiva"
1034525550138810369;"ü§ò URL";"positiva"
1032744692771954688;" URL";"neutra"
1032803648911360001;"rt fahpaivaa caracooos vamos ajudar nessa causa e de quebra dar aquele abra√ßo totoso no nosso fav kaysardadour ‚ù§Ô∏èüçîüçü URL";"positiva"
1033368088366870528;"twitter is an army URL";"neutra"
1034128978951528449;"üëèüèªüëèüèªüëèüèªüëèüèª URL";"positiva"
1032775164503707649;"rt adl21212 luciano coutinho indiciado URL";"neutra"
1033732472146681856;"shutup yoonseoker URL";"negativa"
1034810653704372224;"alinnecarolinap amor pelo sub n√© hihihihi URL";"positiva"
1032778163431071744;"saveshadowhunters is there so yo netflix do you see how important we find this show URL";"positiva"
1034846180126150658;"yet makes sure 22 million followers see the poor kids name tsla melaynalokosky narcissisticsociopath URL";"negativa"
1035547690040471552;"womenintech womenintechshow microsoftwomen microsoftedu stemeduc stem URL";"positiva"
1032782251325640705;"ansiosa por esse filme URL";"positiva"
1032784464252948481;"to assim com desencanto URL";"positiva"
1034534464976822273;"√© r√©u 
n√£o √© reu
√© r√©u 
n√£o √© r√©u 
tira casaca
bota casaca URL";"negativa"
1034549008658644993;"eu amo a disney  URL";"positiva"
1033895712507842560;"wattershed  URL";"neutra"
1034531605015146497;"URL";"neutra"
1034504260220796929;"microsoft posted URL";"neutra"
1034871132137160704;"se eu fosse desse tempo o ver√£o seria a esta√ß√£o boa amo sol e mar URL";"positiva"
1034129835814277120;"o rio em calamidade o cara preocupado com maracan√£ e flamengo kkkkkkkk URL";"negativa"
1034789009300570113;"lets keep building through technology URL";"positiva"
1032802959539806209;"t√£o a minha cara isso URL";"positiva"
1034523706557644805;" URL";"neutra"
1034862486388973568;"quem nunca URL";"positiva"
1034516566195535880;"rt hyatez when someone sends me a video and i don‚Äôt watch it URL";"positiva"
1032774642979819520;"what a surprise birthdaybans not included seems like quite a big thing has definitely impacted my year many accounts still just permalocked for no real reason so safe to assume its a big impact to many others such awful technical support by twittersupport (...)";"negativa"
1033748768754163713;"i wheeeezed URL";"negativa"
1033816855939403777;"now i know youre missing a very good boy URL";"positiva"
1034129901480288258;"esse sim √© o maior recibocrf kkkkkkkkkkkkkk URL";"positiva"
1032775895273168898;"on hashtagday i remember ilovelebanonbecause üá±üáßthat made two worldwide trends in 2012 and 2013 lebanon URL";"positiva"
1034535111444897792;"ahhahahahah URL";"positiva"
1034520945438994432;"raquelmf83 meu deus ü§§ü§§ü§§ URL";"positiva"
1034864302145060864;"i love you bonjovi  this song sounds very encouraging and uplifting too so thank you for that URL";"positiva"
1034905023296225280;"lupuswarriors we are strong survivors üíúüíúüí™üí™ URL";"positiva"
1034524743376891904;"top of my list right now üî•üí™ URL";"positiva"
1034526696253390849;"lculucas URL";"positiva"
1033006471620059136;"priorities URL";"negativa"
1034933978967490560;"this lyrics were one of the best things from 2016 URL";"positiva"
1035541502963986435;"se algu√©m for a ccxp e achar por l√° traz pra mim URL";"positiva"
1034874931144794112;"foi de ter que olhar para cara do caiado tamb√©m passaria mal por segurar o v√¥mito URL";"negativa"
1032809358361382913;"mmoszkowicz netflix cbc freeformtv constantinfilm amazonstudios hulu i think it‚Äôs time to saveshadowhunters URL";"positiva"
1033315315462094848;"super funny bro  the 40000 employees you promised a higher price for their shares before taking it back are getting a real kick out of this
tsla URL";"negativa"
1034524960230989826;"rt bestmarooner yasss URL";"neutra"
1035939192117841920;"half life 3 vai sair quando o jovem nerd terminar as dlcs de witcher 3 URL";"negativa"
1032779951924301825;"hi  it‚Äôs meeee again URL";"positiva"
1032800880322600960;"definitely need to get URL";"positiva"
1032780927032852480;"üçîüçîüçîüçîüçîüçîüçî URL";"positiva"
1032786950724505600;"eu at√© queria assitir mais enfrentar tudo isso de temporada na na na URL";"negativa"
1033240687859384320;"rt jenioquadros mulhertamarindo URL";"positiva"
1034122445601550337;"n√£o temos op√ß√£o jogar o voto fora votando no amoedo e abrir a porta para a esquerda bolsonaropresidente2018 URL";"negativa"
1035917056737140737;"rikognition what do you think  URL";"neutra"
1032356682112921606;"no come√ßo eu treinava umas 12 horas por dia tudo era novidade era f√°cil manter o entusiasmo hoje n√£o passo de 4 horas xp ou se tiver muito fissurado para aprender uma m√∫sica que eu goste e tenha a real possibilidade de ‚Äútirar‚Äù relativamente r√°pido pratican (...)";"positiva"
1032952518828085248;"archie andrews URL";"neutra"
1034396140744200193;"googledevs how can one get this circle to my school 

i already graduated but i hope to get this to my school  we currently have gdgoko

so  are they the same thing  or different URL";"negativa"
1034928778257027077;"üíú URL";"positiva"
1035910514109493248;"hold up turing architecture i hope im not the only one who got excited at that because of alan turing and his work xd

nvidia please tell me that name was picked because of alan turing URL";"positiva"
1032791517885284352;"uma coisa que aprendi morando sozinho √© que voc√™ nunca economiza dinheiro com esponja e detergente uma vez comprei tr√™s esponjas de marca vagabunda querendo economizar e era horr√≠vel pra limpar n√£o fazia espuma tinha que gastar mais com detergente scotch b (...)";"negativa"
1033013888168734720;"a √∫nica coisa que eu realmente lamento n√£o ter dinheiro para comprar √© um tesla URL";"negativa"
1034871856904527872;"tom URL";"neutra"
1033372239578554369;"ok i love you twt URL";"positiva"
1034126031874142208;"chuckgrassley stevekingia opposed drones over farmlands  they preferred 1910s secrets that hide point source polluters URL";"positiva"
1034487986069680128;"o melhor queimando a lingua vai tomar no cu URL";"positiva"
1032784793514246145;"bluebird because its been here üíô since the beginning URL";"positiva"
1034531630805909504;"rt westofhouse collects some of the answers to questions about shooting star and some other tidbits about d‚Äãva üê∞üá∞üá∑ URL";"positiva"
1034875561917784064;"you gotta hold on hold on you gotta be strong bonjovi URL";"positiva"
1032764766811566080;"mat√©ria minha sobre esse projeto lind√£o do loadcomics e do reverso dele o loudwagner pode ler anda URL";"positiva"
1034111926270218240;"one more thing for the media to blame video games URL";"negativa"
1035305327108005889;"‚ù§Ô∏è‚ù§Ô∏èthank you for bringing back my early childhood URL";"positiva"
1034535327233437700;"hell yeah ‚úä URL";"positiva"
1035921147416592389;"rt nedluke oh hell yeah URL";"positiva"
1032804545548742658;"someday i will buy one mr musk URL";"positiva"
1033802635617292288;"hope you die next URL";"negativa"
1032787898850897920;"omg twitter add my btsarmy hastag tweet on twitter moment

hashtagday
theansweriscoming URL";"positiva"
1033786463299792896;"sim claro com certezaaaaaaa üçîü§§ URL";"positiva"
1034129198774976512;"jkkkkkjjkkkkkkjjj ah n√£o URL";"positiva"
1034607180467630083;"o ser humano anda em c√≠rculos e parece esquecer a hist√≥ria √© preciso rever o caminho e acabar com esse estado de letargia URL";"negativa"
1034075827078492160;"look at this very good doggo URL";"positiva"
1034119730486026241;"ah pronto agora romantizaram at√© a cuckagem URL";"negativa"
1034120683243155456;"canalhas URL";"negativa"
1035507438903021568;"what ive been getting up to as the debian project leader this month URL";"neutra"
1033392304126668803;"p√©ssima noticia URL";"negativa"
1033018161564712961;"hahah well well see how long that team lasts but aaronribic was exactly who i was hoping for lets see year 2 tho URL";"positiva"
1033821130342244359;"boooa antagonista ajudem a apurar como o diego escosteguy URL";"positiva"
1034490397203091456;"rt elonmusk URL";"neutra"
1033304915945259008;"props to elonmusk  i would have said 3000 miles long  but hey  got a chuckle out of it URL";"positiva"
1034074684244066305;"dude he instigated the war in iraq and is the one pushing the russian phobia URL";"negativa"
1034322952186081280;"a new cool exciting community program students club welcome to google developers ecosystem URL";"positiva"
1034524072938487809;" URL";"neutra"
1032776599937142790;"quero a quinta temporada de the 100 URL";"positiva"
1034567426023874562;"twitter posted URL";"neutra"
1033018973573525506;"im there URL";"neutra"
1034861071893450752;"‚ù§ bonjovi URL";"positiva"
1034875294354690048;"who‚Äôs gonna get me a mario lunch box URL";"positiva"
1034532084667359233;"topa trouxadotwiter  eu pago  URL";"neutra"
1032937584975130624;"n√£o vai durar muito as hienas p√≥smodernas est√£o s√≥ esperando silvio morrer para tomar conta da carca√ßa do sbt assim como fizeram na globo p√≥s roberto marinho e na abril p√≥s roberto civita
osullivanslaw URL";"negativa"
1033795924936470529;"well said elonmusk URL";"positiva"
1033821048326770689;"rt gggarci pt sendo pt tudo sendo pago com o nosso dinheiro nenhum espanto fa√ßo propaganda de gra√ßa pra bolsonaropresidente porque‚Ä¶";"negativa"
1034521086979919887;"voc√™s acabam comigo assim  URL";""positiva
1033361120264896512;"i cant breathe URL";"neutra"
1032757405363392513;"so its seems that ubisoft hates rayman why because you barely see him look at how fucking tiny he his wtf URL";"negativa"
1032803898547941376;"esse √© o cara URL";"positiva"
1032904932373012480;"microsoft posted URL";"neutra"
1034525016891768832;"chupa mundooo URL";"negativa"
1034867932004790274;"if you were born again tomorrow
would you live your life like yesterday
if you were born again tomorrow
i wouldnt live my life any other way üé∂ 
where i cant put words bonjovi do it in the better way üíú URL";"positiva"
1035574229167742978;"rt padreveano uh oh  üëÄ godcellerator URL";"positiva"
1034129155682652160;"quero ver manter o maracan√£ sem o flamengo vai virar palco pra show URL";"negativa"
1035860392940134400;"URL URL";"neutra"
1032987551534133248;"o relat√≥rio de uma gera√ß√£o URL";"neutra"
1035506575572643840;"car of the future üöó URL";"positiva"
1033688735534252032;"always great job guys‚ô•Ô∏èüé§‚ô•Ô∏èüé∂‚ô•Ô∏èüé§‚ô•Ô∏èüé∂ URL";"positiva"
1032804584262127617;"society has come full circle URL";"neutra"
1032840760901754880;"üíôhappy tweetday URL";"positiva"
1033110866064035840;"this should be sweet URL";"positiva"
1034118214786068480;"i never would have felt happy to see elonmusk have problems whis tesla but from his tweet URL i am more than happy to see the stock fell üîûüê∂ x 010 URL i assume that u elonmusk compliment a warmonger
URL for";"negativa"
1034862359360225280;"feliz dia do jogo on line n√£o pausa m√£e s√≥ vou tentar mais uma vez deixa eu pegar essa vida aqui droga l√° vem a fase do mestre diadgamer  URL";"positiva"
1034875419978330112;"redetelecine √© muito f√£ do hiddles baby msm viu kkkkkkkk URL";"negativa"
1033016018392817665;"rt cbcebulski thrilled to finally announce the creative team on conan URL";"positiva"
1034126202724868097;"chorando URL";"negativa"
1032743732913860608;"im sure people could add othersbut hard to argue with most on here URL";"negativa"
1032812517586657280;"ofc btsarmy  means alot to me  btstwt URL";"positiva"
1033801326533197829;"to me this just sounds like bull URL";"negativa"
1035553328695046146;"anciosa pra esse filme tem tudo pra ser maravilhoso URL";"positiva"
1033812188241321984;"become one URL";"positiva"
1032750016815923201;"agora vai encher de merda l√° URL";"negativa"
1035933876655468545;"que lindo URL";"positiva"
1035302687095578625;"nasa posted URL";"neutra"
1034874759379542016;"hey yall check out tworoadspilot and the other great pilots out now URL";"positiva"
1033005392819834880;"rt occupyorlandof üíôhappy tweetday URL";"positiva"
1034962419112652801;"ain eu quero muito veeeer ‚ù§Ô∏è‚ù§Ô∏è‚ù§Ô∏è‚ù§Ô∏è aceito convites rs URL";"positiva"
1035305036971212806;"this is literally the coolest thing URL";"positiva"
1034074588559368193;"1 URL";"neutra"
1035941406592966656;"hoje sim √© uma data a ser comemorada URL";"positiva"
1032804580701167616;"industrychanging URL";"neutra"
1034478991334416385;"once upon a time there was a handsome rex

rip URL";"neutra"
1033017803408912384;"what a creative team  im gonna read the  out of this URL";"positiva"
1034866981802049538;"not my cup of tea looks live a volvo v40 with a stretched nose  URL";"negativa"
1033812799393280000;"rt louislevau not sure if trolling URL";"negativa"
1035570262543085569;"briga de marido e mulher a gente n√£o mete a colher mas sim a faca no macho URL";"negativa"
1034552914927333379;"a luz da transcend√™ncia ou a teia da vi√∫va negra  URL";"neutra"
1034525529251213313;"kkkkkkkkkkkkk URL";"positiva"
1034856492460134400;"oi√° essa sony URL";"positiva"
1035937692595482624;"gostei dessa mat√©ria pq ensina pra gente onde ficam algumas partes do boi por exemplo o rabo URL";"negativa"
1033012222899965953;"eh boa demais po URL";"negativa"
1033360669393993728;"lmaooooooooo URL";"positiva"
1034664607363878912;"oh geez  URL";"neutra"
1034495683141804033;"geologists will find this thread interesting for sure URL";"positiva"
1035300217984311296;"crp2401 URL";"neutra"
1033799483224678400;"para de dar desculpinha e devolve nossas views sua fodida URL";"negativa"
1035923284192321536;"what the fuuuuuuck URL";"negativa"
1035915591280934912;"o style de jogad√¥ do tite URL";;"negativa"
1034521062896279553;"sobre o boato da cocacola ser tomada por f√£s da lady gaga URL";"neutra"
1034525586054676480;"o mcdonaldsbr n√£o ajuda agora tenho que experimentar URL";"positiva"
1033358588427882496;"bon appetit guitars gibson URL";"positiva"
1034512171835768832;"a ci√™ncia a servi√ßos dos q est√£o na busca vcs sabem n√© que setembro √© o m√™s mais prop√≠cio pra uma nova empreitada amorosa seguem dicas URL";"positiva"
1035566462688272384;"n√£o se te a colher mesmo porque vai saber cansei de tentar ajudar e a mulher pedir pra n√£o se meter que n√£o precisava cansei de ver policiais se metendo e falando pra ir fazer o bo e a mesma n√£o querer e continuar com o indiv√≠duo tem mts que n√£o tem amor p (...)";"negativa"
1035574291843039233;"‚ù§ URL";"positiva"
1033007487287472129;"this is ceos top priority at tsla URL";"neutra"
1033370325176729600;"wig URL";"neutra"
1034511858634579968;"socorro URL";"neutra"
1034534362522550273;"meu deus eu quero URL";"positiva"
1032966758355947520;"rt saveshplease saveshadowhunters made the list i‚Äôm so proud ‚ù§Ô∏è URL";"positiva"
1034121838983622656;"oh my gosh that‚Äôs amazing i really hope there‚Äôs a habitable planet we can find and send people there to look for other life forms URL";"positiva"
1034525626147979264;"ou da mesma forma que voc√™ explicou homens e mulheres se beijando URL";"neutra"
1032812300464517120;"we made the list  this makes me so happy saveshadowhunters pickupshadowhunters URL";"positiva"
1032996167259435008;"rt w2caetano n√£o votem em abortistas URL";"negativa"
1035533770085019653;"um pouco de claricelispector URL";"neutra"
1033392670817886210;"quem vamo URL";"positiva"
1035944656364756994;"rt skettiart seeing foofighters tonight right after pax o gonna be a full day URL";"positiva"
1033307634235932673;"cheesy poofs yes please yasmineevjen heads to walmart hq in bentonville ar for snacks and a quick lesson in ux click here to see how the world‚Äôs largest employer designed an effective user experience for their 2m employees ‚Üí URL URL";"positiva"
1035574025039298561;"gloria gloria aleluiaaaaaaa URL";"positiva"
1035533647351373826;"√© stand up comedy
uma an√°lise sua transcrita s√≥ poder√° ser usada como papel higi√™nico
hahahhahahahahahhahahhahaha URL";"positiva"
1034868639621689349;"always my favorite villain URL";"positiva"
1035643931449544704;"twitter posted URL";"neutra"
1032775096585396224;"mcdonaldsbr 
aproveitem deste nosso garoto propaganda e que tenham um belo retorno mcdiafeliz 
amigos  caracos do rj 
aproveitem muito dois hamburgues alface com molho especial cebola e pigles com pao e gergelim e bic mac  kkkkkkkkk
vamos la curtir o kaysa (...)";"positiva"
1032804682496925697;"ser√° que nois encontra essa putaria toda l√° no xvideo URL";"negativa"
1033012384992976897;"autopilot is going to have to get good enough for us to be enjoy all the fun tesla has to offer whenever we want asteroids while driving 70mph down the interstate no problem looking forward to the future URL";"positiva"
1035942266227945473;"for every ps plus user d2 is free also gambit is also gonna be available until tomorrow for everyone regardless of preorder or dlcs you get to play he gets to play everyone  yes everyone gets to play URL";"positiva"
1035275191398612992;"ok angra thank you for clearing that up URL";"positiva"
1033019693555175426;"that‚Äôs actually a good team on a good character for them this might work URL";"positiva"
1034096838180315138;"‚ù§‚ù§ü§ò URL";"positiva"
1034917229953933312;"aaaaa‚ô•‚ô• URL";"positiva"
1034114859879854081;"nasa posted URL";"neutra"
1032793809921425410;"rt adl21212 luciano coutinho indiciado URL";"neutra"
1034874336413470722;"nintendo supports playing videogames in class URL";"neutra"
1032804607251111936;"detalhe a revista entra na parte que a atriz porn√¥ usou a edi√ß√£o da forbes que ele tava na capa pra bater nele durante o sexo URL";"neutra"
1033013197014482944;"elon musk is truly a gift to this earth URL";"positiva"
1032764786990358529;"estamos com asas hoje URL";"positiva"
1034534763619672065;"i texted my congrats to ed on the day the west memphis 3 were released  his response 

 URL";"neutra"
1035272619996721153;"eu quero ain URL";"positiva"
1035806172853481472;"microsoft posted URL";"neutra"
1034875291620048896;"rt imalegend battlefield  call of duty URL";"neutra"
1034129573561204737;"pisa menos nas inimigas mana 
berroooo URL";"positiva"
1032804644752384000;"i need to get on this electric wave man i‚Äôm so sick of my gas car  one day elon üíØ URL";"positiva"
1034494837527994368;"glad to have you online
URL";"positiva"
1032778034334584832;"quando a eulidianemello me apresentou greenleaf URL";"neutra"
1035544805063852032;"got a tuff viking¬Æ we are tough we are strong‚Ñ¢ tuffviking üá∫üá∏ URL URL";"positiva"
1035921208653631488;" URL";"neutra"
1032796672731037696;"minha m√£e vendo series resumida em um tweet URL";"neutra"
1034498139712053249;"thanks kanye URL";"positiva"
1034126375756673025;"rt punishedad elon is cancelled URL";"negativa"
1034106039594045440;"claire come get his phone URL";"positiva"
1034534104321146885;"if nicole was a dog haha
wynonnaearp URL";"positiva"
1035950083538407426;"sounds awesome üé∂üé∏ URL";"positiva"
1034129727785771008;"tem meu voto URL";"positiva"
1034854700473085954;"venom est√° chegando venom URL";"positiva"
1035272899161026560;" i want URL";"positiva"
1032756919684026368;"impressionante mesmo √© q nenhum depfdrl ou senador viu nadica de nada desde 2005 e qtos deles receberam dindin p suas campeltrs por seu partido pol√≠tico estar coligado com pt nas elei√ß√µes rs
jbs pagou propina para obter empr√©stimos no bndes URL via jotainf (...)";"negativa"
1033800485877166080;"rt fireexit when you need money URL";"positiva"
1032788178770554881;"another google effort to take on the amazon juggernaut in the retail market URL";"neutra"
1033791361110159361;"euletzam URL";"neutra"
1034525990448332800;"üíô URL";"positiva"
1033816056609964032;"glad to see copy  paste still works üåüüåü URL";"positiva"
1034523805312606208;" URL";"neutra"
1034084433614307331;"all that is ever ever was will be ever twisting turning through the never üé∂ URL";"positiva"
1034100639951986689;"rt travthegawd cmon guys i already bought three copies of the black album i can‚Äôt take much more URL";"positiva"
1035545877048373248;"imagine starting a company like spacex and simultaneously complaining that paint is hard URL";"positiva"
1033383071528181760;" URL";"neutra"
1035305142009122817;"i‚Äôm telling y‚Äôall nintendo got something cooking up for smash competitively URL";"positiva"
1033802805943971840;"elon has crossed the line URL";"neutra"
1034871447829864449;"tom üôÜüèª‚Äç‚ôÄÔ∏è URL";"positiva"
1032758753035214848;"disse tudo üëè URL";"positiva"
1032784395483197442;"o que √© aquilo entre as pernas do cachorro e as pernas do senhor √© um hot dog kkkkkkkkkkk  URL";"positiva"
1034575007878283265;"üéµ i‚Äôll be there  URL";"positiva"
1033395345835716609;"fascinating read i didnt know the makers of the tcg were this handson with the games meta URL";"positiva"
1033019265249673217;"eu j√° assisti a todas as temporadas do mayday desastres a√©reos e posso atestar fujam dessas companhias a√©reas de baixo custo n√£o fazem manuten√ß√£o decente profissionais trabalham sobrecarregados e esses s√£o os principais motivos de muitos acidentes a√©reos U (...)";"negativa"
1032701804948205568;"por favor achemmargot URL";"neutra"
1035304221745274886;" URL";"neutra"
1033010274800988161;"this should legit be a thing URL";"negativa"
1033235187503702016;"verdade eu tenho dois pares URL";"neutra"
1035273866673827842;"mandei um twitter a uma semana no dm essa empresa n√£o responde ou seja consumidor n√£o √© respeitado URL";"negativa"
1033820857276293120;"yes far too many frauds out there taking peoples pensions for a ride tsla URL";"negativa"
1034741720745836544;"in its 35 years they look back to the making of risk listen to megadeths entire discography to prove that they are lyrically and musically great i love how they pushed the boundaries through the years of making music URL";"positiva"
1034874613010812928;"lots of memories listening to this record its a good reason why this band will always be one of my favorites URL";"positiva"
1035300218496057344;"saudades desse bb URL";"positiva"
1033015483891691520;"al√¥ galerinha em toledo tamb√©m vai ter l√° no shopping panambi mas √© hoje 24 a partir das 16h e o mais legal √© que vai ajudar a gente aqui l√° do hospital uopeccan de cascavel quem puder d√° um pulinho l√° participe do mcdiafeliz e ajude muita gente URL"
1033242264569622528;"√© engra√ßado mas eu tbm t√¥ online aff URL"
1033266565230149632;"tesla superchargers is an extension cord for vehicles xd URL"
1034522186101534721;"great read if you have a few mins URL"
1033388093762686976;"outlook posted URL";"neutra"
1035942834862415872;"rt scarletf0xx getting on this action tonight around 9pm utc8 excited  URL";"positiva"
1035300088086577152;" URL";"neutra"
1035884951168790528;"nunca tinha percebido URL";"neutra"
1034092129071583232;"rt rcktrolfe ubisoft and there was me thinking you stood on the other side 
URL";"positiva"
1033955164825182208;"it works as a comedy album URL";"positiva"
1033390425736970240;"meudeus URL";"neutra"
1034888091855736837;"pretty much the heart and message of gettintheband on broadway great sayreville minds think alike rockon injerseyhellyeah gtbbt URL";"positiva"
1035566883829964801;"querido subway prfv inclua pessoas vegetarianas nas suas promo√ß√µes ou deixe pelo menos que seja poss√≠vel retirar a carne

√© meio rid√≠culo que vc paga 10 reais no lanche de frango e ganha mais 1 lanche de frango mas sem frango ganha s√≥ 1 e fica o pre√ßo norm (...)";"negativa"
1033008458088501248;"rt model3owners whaaat my wife will go bonkers for car karaoke that will put her over the edge in the buying department üëçüèº URL";"positiva"
1035286085830692864;"championpunkk URL";"neutra"
1035281095925948416;"olha ela existe wevertonzuero  sem zueira primeira vez que eu vejo uma  URL";"positiva"
1033794043334078464;"skype twitter facebook snapchatfilter URL";"neutro"
1033736699514372096;"gente kkkkkk URL";"positiva"
1035564478597816320;"rt iaway microsoft posted URL";"neutra"
1035940841125277698;"assistam pra ver que os marginais n√£o v√£o nos deixar em paz jos√© dirceu solto pela antijuridico stf est√° articulando por tr√°s dos panos URL";"negativa"
1033393940676980736;"alguem me leva no bk por favorrrrrrrrr URL";"positiva"
1033820622177091584;"pt sendo pt tudo sendo pago com o nosso dinheiro nenhum espanto fa√ßo propaganda de gra√ßa pra bolsonaropresidente porque eu quero mudan√ßa URL";"negativa"
1034517594106200066;"yasss URL";"positiva"
1034528949886492673;"algu√©m vamo URL";"positiva"
1034866420406841344;"me late URL";"neutra"
1035574582781067269;"ai lcportinho outrosolharesad altairfagundes a empatia que temos com o pcd no brasil a eunathaliar s√≥ queria ser uma cliente e tava pagando por isso URL";"negativa"
1032804469065560065;"but the problem is  i dont have a tesla can i have 1 pls URL";"negativa"
1033359553184849920;"my god URL";"neutra"
1033376594474098688;"lmaoooo ojeisjahdeh URL";"positiva"